Model,MAE,RMSE,R2 Score
Ensemble (GRU+LSTM),10.144281,16.662642,0.8413091604161165
