Model,Best Epoch,Best Val Loss,MAE,RMSE,R2 Score
GRU,9,0.0811638374532966,10.154125,16.851858,0.8376845959044539
