Model,Best Epoch,Best Val Loss,MAE,RMSE,R2 Score
LSTM,11,0.0867752282586853,10.8575325,17.697573,0.820984116175491
